{"errors":[],"warnings":[],"namedChunkGroups":{"polyfill":{"chunks":[2,0,8],"assets":["webpack-runtime-27192eda02b890bac42a.js","webpack-runtime-27192eda02b890bac42a.js.map","commons-01faef8fa914b2a5ed8c.js","commons-01faef8fa914b2a5ed8c.js.map","polyfill-96c0e71935cde5505b8a.js","polyfill-96c0e71935cde5505b8a.js.map"],"children":{},"childAssets":{}},"app":{"chunks":[2,7,3],"assets":["webpack-runtime-27192eda02b890bac42a.js","webpack-runtime-27192eda02b890bac42a.js.map","framework-83e11af5cf111be5ad89.js","framework-83e11af5cf111be5ad89.js.map","app-732cb5372789ee071a41.js","app-732cb5372789ee071a41.js.map"],"children":{},"childAssets":{}},"component---src-pages-404-js":{"chunks":[1,0,4],"assets":["styles.6801a876ee6ba0f84076.css","styles-e9d24b1846c7d6eb9685.js","styles-e9d24b1846c7d6eb9685.js.map","commons-01faef8fa914b2a5ed8c.js","commons-01faef8fa914b2a5ed8c.js.map","component---src-pages-404-js-b5fd95b053db053707b3.js","component---src-pages-404-js-b5fd95b053db053707b3.js.map"],"children":{},"childAssets":{}},"component---src-pages-index-js":{"chunks":[1,0,5],"assets":["styles.6801a876ee6ba0f84076.css","styles-e9d24b1846c7d6eb9685.js","styles-e9d24b1846c7d6eb9685.js.map","commons-01faef8fa914b2a5ed8c.js","commons-01faef8fa914b2a5ed8c.js.map","component---src-pages-index-js-96e537742c1ef40ae137.js","component---src-pages-index-js-96e537742c1ef40ae137.js.map"],"children":{},"childAssets":{}},"component---src-pages-page-2-js":{"chunks":[1,0,6],"assets":["styles.6801a876ee6ba0f84076.css","styles-e9d24b1846c7d6eb9685.js","styles-e9d24b1846c7d6eb9685.js.map","commons-01faef8fa914b2a5ed8c.js","commons-01faef8fa914b2a5ed8c.js.map","component---src-pages-page-2-js-da0d91f0c7d462bf48de.js","component---src-pages-page-2-js-da0d91f0c7d462bf48de.js.map"],"children":{},"childAssets":{}}},"assetsByChunkName":{"polyfill":["webpack-runtime-27192eda02b890bac42a.js","commons-01faef8fa914b2a5ed8c.js","polyfill-96c0e71935cde5505b8a.js"],"app":["webpack-runtime-27192eda02b890bac42a.js","framework-83e11af5cf111be5ad89.js","app-732cb5372789ee071a41.js"],"component---src-pages-404-js":["styles.6801a876ee6ba0f84076.css","styles-e9d24b1846c7d6eb9685.js","commons-01faef8fa914b2a5ed8c.js","component---src-pages-404-js-b5fd95b053db053707b3.js"],"component---src-pages-index-js":["styles.6801a876ee6ba0f84076.css","styles-e9d24b1846c7d6eb9685.js","commons-01faef8fa914b2a5ed8c.js","component---src-pages-index-js-96e537742c1ef40ae137.js"],"component---src-pages-page-2-js":["styles.6801a876ee6ba0f84076.css","styles-e9d24b1846c7d6eb9685.js","commons-01faef8fa914b2a5ed8c.js","component---src-pages-page-2-js-da0d91f0c7d462bf48de.js"]}}